customer_id,churn_probability,risk_level,retention_priority
4376-KFVRS,0.012200452387332916,LOW,MONITOR
2754-SDJRD,0.8135728240013123,HIGH,URGENT
9917-KWRBE,0.08399494737386703,LOW,MONITOR
0365-GXEZS,0.44083037972450256,MEDIUM,ENGAGE
9385-NXKDA,0.003111104713752866,LOW,MONITOR
4686-UXDML,0.6123734712600708,HIGH,URGENT
2227-JRSJX,0.48341622948646545,MEDIUM,ENGAGE
4830-FAXFM,0.12400051206350327,LOW,MONITOR
1830-IPXVJ,0.009393171407282352,LOW,MONITOR
4690-LLKUA,0.35710039734840393,MEDIUM,ENGAGE
5804-HYIEZ,0.35896730422973633,MEDIUM,ENGAGE
2388-LAESQ,0.013582258485257626,LOW,MONITOR
5533-RJFTJ,0.20434649288654327,LOW,MONITOR
4706-AXVKM,0.7505303621292114,HIGH,URGENT
0997-YTLNY,0.10884281247854233,LOW,MONITOR
7971-HLVXI,0.05178745836019516,LOW,MONITOR
7337-CINUD,0.014488151296973228,LOW,MONITOR
1379-FRVEB,0.6914727091789246,HIGH,URGENT
4753-PADAS,0.19426527619361877,LOW,MONITOR
5701-GUXDC,0.041143178939819336,LOW,MONITOR
7235-NXZCP,0.7347888350486755,HIGH,URGENT
0668-OGMHD,0.23482006788253784,LOW,MONITOR
2812-REYAT,0.02083463966846466,LOW,MONITOR
8779-YIQQA,0.030169615522027016,LOW,MONITOR
9701-CDXHR,0.12655307352542877,LOW,MONITOR
7130-CTCUS,0.20630155503749847,LOW,MONITOR
1894-IGFSG,0.3847838044166565,MEDIUM,ENGAGE
0871-URUWO,0.7052381634712219,HIGH,URGENT
0057-QBUQH,0.031094612553715706,LOW,MONITOR
9611-CTWIH,0.7399311065673828,HIGH,URGENT
8058-DMYRU,0.44467344880104065,MEDIUM,ENGAGE
5351-QESIO,0.4722955822944641,MEDIUM,ENGAGE
4302-ZYFEL,0.005575553048402071,LOW,MONITOR
6134-KWTBV,0.01330736093223095,LOW,MONITOR
2034-GDRCN,0.7628583908081055,HIGH,URGENT
9544-PYPSJ,0.25057271122932434,LOW,MONITOR
4208-UFFGW,0.5371437072753906,MEDIUM,ENGAGE
9537-JALFH,0.0076830144971609116,LOW,MONITOR
4415-IJZTP,0.8665361404418945,HIGH,URGENT
4701-MLJPN,0.13901443779468536,LOW,MONITOR
7515-LODFU,0.0036566450726240873,LOW,MONITOR
4927-WWOOZ,0.8491306900978088,HIGH,URGENT
4067-HLYQI,0.4215194582939148,MEDIUM,ENGAGE
6184-DYUOB,0.18885061144828796,LOW,MONITOR
9209-NWPGU,0.08403242379426956,LOW,MONITOR
9851-KIELU,0.702937662601471,HIGH,URGENT
3199-XGZCY,0.7162372469902039,HIGH,URGENT
4226-KKDON,0.22226344048976898,LOW,MONITOR
1085-LDWAM,0.0057923379354178905,LOW,MONITOR
6825-UYPFK,0.21878324449062347,LOW,MONITOR
1767-CJKBA,0.004512246698141098,LOW,MONITOR
7181-BQYBV,0.8906952738761902,HIGH,URGENT
0178-CIIKR,0.15375441312789917,LOW,MONITOR
4256-ZWTZI,0.31989893317222595,MEDIUM,ENGAGE
9537-VHDTA,0.41976019740104675,MEDIUM,ENGAGE
2754-XBHTB,0.5709717869758606,MEDIUM,ENGAGE
5975-BAICR,0.08130744844675064,LOW,MONITOR
3301-VKTGC,0.05982169508934021,LOW,MONITOR
2877-VDUER,0.026606108993291855,LOW,MONITOR
7717-BICXI,0.010795315727591515,LOW,MONITOR
0562-FGDCR,0.0013312521623447537,LOW,MONITOR
3705-PSNGL,0.018907971680164337,LOW,MONITOR
0048-LUMLS,0.21877248585224152,LOW,MONITOR
6497-TILVL,0.1691349297761917,LOW,MONITOR
2108-YKQTY,0.27025800943374634,LOW,MONITOR
3658-KIBGF,0.6528590321540833,HIGH,URGENT
5482-NUPNA,0.18165913224220276,LOW,MONITOR
7410-KTVFV,0.21423259377479553,LOW,MONITOR
9033-EOXWV,0.2102801352739334,LOW,MONITOR
8821-XNHVZ,0.8564419150352478,HIGH,URGENT
8224-KDLKN,0.0013860877370461822,LOW,MONITOR
4825-FUREZ,0.009008986875414848,LOW,MONITOR
7534-BFESC,0.48254573345184326,MEDIUM,ENGAGE
9138-EFSMO,0.11424574255943298,LOW,MONITOR
4227-OJHAL,0.12540246546268463,LOW,MONITOR
7279-NMVJC,0.05468805134296417,LOW,MONITOR
8591-TKMZH,0.028448136523365974,LOW,MONITOR
9283-LZQOH,0.5113890767097473,MEDIUM,ENGAGE
3594-IVHJZ,0.1178276464343071,LOW,MONITOR
1945-XISKS,0.006796398665755987,LOW,MONITOR
4359-INNWN,0.03000447154045105,LOW,MONITOR
7649-SIJJF,0.002772064646705985,LOW,MONITOR
9254-RBFON,0.23465469479560852,LOW,MONITOR
0970-ETWGE,0.845069169998169,HIGH,URGENT
7762-ONLJY,0.035232458263635635,LOW,MONITOR
6710-HSJRD,0.19922871887683868,LOW,MONITOR
8873-GLDMH,0.6520760655403137,HIGH,URGENT
9907-SWKKF,0.6846010684967041,HIGH,URGENT
4658-HCOHW,0.5268333554267883,MEDIUM,ENGAGE
9330-VOFSZ,0.07427171617746353,LOW,MONITOR
2860-RANUS,0.44631099700927734,MEDIUM,ENGAGE
6234-PFPXL,0.3600485622882843,MEDIUM,ENGAGE
7205-BAIAD,0.007348644081503153,LOW,MONITOR
3858-VOBET,0.5185242295265198,MEDIUM,ENGAGE
5103-MHMHY,0.4875013828277588,MEDIUM,ENGAGE
6119-SPUDB,0.01480451412498951,LOW,MONITOR
9389-ACWBI,0.44678109884262085,MEDIUM,ENGAGE
3454-JFUBC,0.003701612586155534,LOW,MONITOR
1768-ZAIFU,0.799320638179779,HIGH,URGENT
7017-VFULY,0.1929856538772583,LOW,MONITOR
9221-OTIVJ,0.6938958764076233,HIGH,URGENT
2482-CZGBB,0.5309726595878601,MEDIUM,ENGAGE
7018-WBJNK,0.48315373063087463,MEDIUM,ENGAGE
3331-HQDTW,0.19981282949447632,LOW,MONITOR
4695-VADHF,0.1314094066619873,LOW,MONITOR
4086-WITJG,0.0014784525847062469,LOW,MONITOR
6297-NOOPG,0.1265099048614502,LOW,MONITOR
8777-PVYGU,0.02292587235569954,LOW,MONITOR
4378-MYPGO,0.1089676171541214,LOW,MONITOR
9313-CDOGY,0.05408508703112602,LOW,MONITOR
4121-AGSIN,0.026245098561048508,LOW,MONITOR
0432-CAJZV,0.6572181582450867,HIGH,URGENT
9097-ZUBYC,0.1795952320098877,LOW,MONITOR
9638-JIQYA,0.6135432124137878,HIGH,URGENT
1024-GUALD,0.7044128179550171,HIGH,URGENT
8024-XNAFQ,0.006809521000832319,LOW,MONITOR
7587-RZNME,0.564134418964386,MEDIUM,ENGAGE
1346-UFHAX,0.43675497174263,MEDIUM,ENGAGE
6374-NTQLP,0.028674902394413948,LOW,MONITOR
6625-FLENO,0.014525078237056732,LOW,MONITOR
7375-WMVMT,0.012941421940922737,LOW,MONITOR
6910-HADCM,0.8180016875267029,HIGH,URGENT
7401-JIXNM,0.018144508823752403,LOW,MONITOR
7338-ERIVA,0.02553747221827507,LOW,MONITOR
5376-DEQCP,0.799950897693634,HIGH,URGENT
0909-SELIE,0.00821196474134922,LOW,MONITOR
5419-KLXBN,0.3165912628173828,MEDIUM,ENGAGE
0365-TRTPY,0.1501745879650116,LOW,MONITOR
6712-OAWRH,0.5987653732299805,MEDIUM,ENGAGE
2428-ZMCTB,0.049138739705085754,LOW,MONITOR
1963-VAUKV,0.2812619209289551,LOW,MONITOR
9381-NDKME,0.36283108592033386,MEDIUM,ENGAGE
3729-OWRVL,0.2736423909664154,LOW,MONITOR
0895-LMRSF,0.1729097068309784,LOW,MONITOR
2676-SSLTO,0.04685552045702934,LOW,MONITOR
8495-PRWFH,0.3405090868473053,MEDIUM,ENGAGE
9030-QGZNL,0.013890402391552925,LOW,MONITOR
9972-NKTFD,0.08196990191936493,LOW,MONITOR
7998-WNZEM,0.005823025945574045,LOW,MONITOR
0979-PHULV,0.4849848747253418,MEDIUM,ENGAGE
6445-TNRXS,0.10794089734554291,LOW,MONITOR
9586-JGQKH,0.02840043231844902,LOW,MONITOR
3966-HRMZA,0.5405644774436951,MEDIUM,ENGAGE
5498-IBWPI,0.03921835869550705,LOW,MONITOR
6823-SIDFQ,0.0030518409330397844,LOW,MONITOR
2323-ARSVR,0.07785847038030624,LOW,MONITOR
5468-BPMMO,0.05865630507469177,LOW,MONITOR
0486-HECZI,0.3435685932636261,MEDIUM,ENGAGE
2178-PMGCJ,0.36397016048431396,MEDIUM,ENGAGE
4660-IRIBM,0.4422083795070648,MEDIUM,ENGAGE
9674-EHPPG,0.01653413102030754,LOW,MONITOR
5606-AMZBO,0.4663616716861725,MEDIUM,ENGAGE
0665-XHDJU,0.16042646765708923,LOW,MONITOR
5402-HTOTQ,0.40616682171821594,MEDIUM,ENGAGE
8258-GSTJK,0.8146929144859314,HIGH,URGENT
3787-TRIAL,0.3966442942619324,MEDIUM,ENGAGE
6175-IRFIT,0.50160151720047,MEDIUM,ENGAGE
6317-YPKDH,0.47481220960617065,MEDIUM,ENGAGE
5692-FPTAH,0.5585282444953918,MEDIUM,ENGAGE
5373-SFODM,0.4573439955711365,MEDIUM,ENGAGE
0868-VJRDR,0.03309626132249832,LOW,MONITOR
4079-VTGLK,0.06312468647956848,LOW,MONITOR
1166-PQLGG,0.002469427417963743,LOW,MONITOR
5296-BFCYD,0.007434837985783815,LOW,MONITOR
6568-POCUI,0.030067427083849907,LOW,MONITOR
2839-RFSQE,0.09248432517051697,LOW,MONITOR
2188-SXWVT,0.0517951063811779,LOW,MONITOR
8849-GYOKR,0.29011160135269165,LOW,MONITOR
3623-FQBOX,0.073317751288414,LOW,MONITOR
2649-HWLYB,0.04629426822066307,LOW,MONITOR
0599-XNYDO,0.2866450250148773,LOW,MONITOR
2514-GINMM,0.8964033722877502,HIGH,URGENT
8401-EMUWF,0.14254601299762726,LOW,MONITOR
5766-ZJYBB,0.3036724925041199,MEDIUM,ENGAGE
2604-IJPDU,0.44575271010398865,MEDIUM,ENGAGE
2501-XWWTZ,0.40726158022880554,MEDIUM,ENGAGE
6370-ZVHDV,0.006707054562866688,LOW,MONITOR
3027-YNWZU,0.011636810377240181,LOW,MONITOR
4526-ZJJTM,0.3426831364631653,MEDIUM,ENGAGE
0440-QEXBZ,0.12798817455768585,LOW,MONITOR
0330-IVZHA,0.4629877209663391,MEDIUM,ENGAGE
9758-MFWGD,0.1907981038093567,LOW,MONITOR
4229-CZMLL,0.7335166931152344,HIGH,URGENT
0742-MOABM,0.2608431279659271,LOW,MONITOR
4277-BWBML,0.002778455847874284,LOW,MONITOR
5136-GFPMB,0.2790678143501282,LOW,MONITOR
7520-HQWJU,0.05363941937685013,LOW,MONITOR
6304-IJFSQ,0.4718751609325409,MEDIUM,ENGAGE
0297-RBCSG,0.101828932762146,LOW,MONITOR
6013-BHCAW,0.019924284890294075,LOW,MONITOR
4402-FTBXC,0.20675614476203918,LOW,MONITOR
1471-GIQKQ,0.36314719915390015,MEDIUM,ENGAGE
4283-FUTGF,0.6704532504081726,HIGH,URGENT
9548-LERKT,0.004961089231073856,LOW,MONITOR
8059-UDZFY,0.3479110300540924,MEDIUM,ENGAGE
0410-IPFTY,0.4659883677959442,MEDIUM,ENGAGE
2478-EEWWM,0.5086879134178162,MEDIUM,ENGAGE
4619-EVPHY,0.2014036923646927,LOW,MONITOR
2277-DJJDL,0.4286361336708069,MEDIUM,ENGAGE
2911-WDXMV,0.3100712299346924,MEDIUM,ENGAGE
3639-XJHKQ,0.1935441642999649,LOW,MONITOR
8173-RXAYP,0.0054739112965762615,LOW,MONITOR
4537-CIBHB,0.02543916180729866,LOW,MONITOR
5442-BXVND,0.05568656325340271,LOW,MONITOR
2308-STERM,0.19637173414230347,LOW,MONITOR
7159-NOKYQ,0.08928525447845459,LOW,MONITOR
6075-QMNRR,0.12713128328323364,LOW,MONITOR
3694-GLTJM,0.10315656661987305,LOW,MONITOR
9629-NHXFW,0.48818570375442505,MEDIUM,ENGAGE
7167-PCEYD,0.006336231250315905,LOW,MONITOR
2748-MYRVK,0.07567784935235977,LOW,MONITOR
4223-WOZCM,0.6057875752449036,HIGH,URGENT
6946-LMSQS,0.18697673082351685,LOW,MONITOR
5469-NUJUR,0.010590216144919395,LOW,MONITOR
6388-TABGU,0.014549226500093937,LOW,MONITOR
1261-FWTTE,0.4228053092956543,MEDIUM,ENGAGE
8590-YFFQO,0.012031727470457554,LOW,MONITOR
0082-OQIQY,0.3946537375450134,MEDIUM,ENGAGE
9465-RWMXL,0.5358143448829651,MEDIUM,ENGAGE
2930-UOTMB,0.05581662803888321,LOW,MONITOR
9128-CPXKI,0.08523758500814438,LOW,MONITOR
0484-FFVBJ,0.135675847530365,LOW,MONITOR
1100-DDVRV,0.41296762228012085,MEDIUM,ENGAGE
9313-QOLTZ,0.051950011402368546,LOW,MONITOR
3338-CVVEH,0.7889578938484192,HIGH,URGENT
1131-SUEKT,0.0762818455696106,LOW,MONITOR
7602-DBTOU,0.0023348527029156685,LOW,MONITOR
1385-TQOZW,0.0778994932770729,LOW,MONITOR
6892-XPFPU,0.7481932044029236,HIGH,URGENT
4115-NZRKS,0.6784068942070007,HIGH,URGENT
5514-YQENT,0.128714919090271,LOW,MONITOR
6319-IEJWJ,0.5066536664962769,MEDIUM,ENGAGE
8849-AYPTR,0.3289910852909088,MEDIUM,ENGAGE
5893-PYOLZ,0.02068750187754631,LOW,MONITOR
7180-PISOG,0.8563293218612671,HIGH,URGENT
8443-ZRDBZ,0.7617722153663635,HIGH,URGENT
9079-YEXQJ,0.24708479642868042,LOW,MONITOR
3780-YVMFA,0.32988637685775757,MEDIUM,ENGAGE
6968-MHOMU,0.23996984958648682,LOW,MONITOR
0899-LIIBW,0.5027576684951782,MEDIUM,ENGAGE
3677-IYRBF,0.8024808168411255,HIGH,URGENT
8393-DLHGA,0.6787209510803223,HIGH,URGENT
7691-XVTZH,0.0825304165482521,LOW,MONITOR
5360-LJCNJ,0.3103225827217102,MEDIUM,ENGAGE
3891-PUQOD,0.6906666159629822,HIGH,URGENT
0952-KMEEH,0.6926789283752441,HIGH,URGENT
4919-IKATY,0.6183611154556274,HIGH,URGENT
9746-UGFAC,0.041673798114061356,LOW,MONITOR
9108-EQPNQ,0.012657630257308483,LOW,MONITOR
0531-ZZJWQ,0.3729926645755768,MEDIUM,ENGAGE
8763-KIAFH,0.011686762794852257,LOW,MONITOR
5863-OOKCL,0.014414451085031033,LOW,MONITOR
2958-NHPPS,0.0673641562461853,LOW,MONITOR
9530-GRMJG,0.05262380093336105,LOW,MONITOR
1809-DMJHQ,0.2810450494289398,LOW,MONITOR
0164-XAIRP,0.009246570989489555,LOW,MONITOR
2926-JEJJC,0.034180790185928345,LOW,MONITOR
1169-WCVAK,0.24302740395069122,LOW,MONITOR
1217-VASWC,0.3361438810825348,MEDIUM,ENGAGE
2452-KDRRH,0.457756370306015,MEDIUM,ENGAGE
6402-EJMWF,0.39960286021232605,MEDIUM,ENGAGE
7663-CUXZB,0.09225931018590927,LOW,MONITOR
4312-KFRXN,0.0010414787102490664,LOW,MONITOR
3011-WQKSZ,0.16234558820724487,LOW,MONITOR
9747-DDZOS,0.6919077038764954,HIGH,URGENT
2091-MJTFX,0.07223841547966003,LOW,MONITOR
0388-EOPEX,0.5006989240646362,MEDIUM,ENGAGE
3161-ONRWK,0.010534864850342274,LOW,MONITOR
2587-EKXTS,0.3226395547389984,MEDIUM,ENGAGE
9752-ZNQUT,0.5912986993789673,MEDIUM,ENGAGE
9572-WUKSB,0.4808667004108429,MEDIUM,ENGAGE
3836-FZSDJ,0.0039325593970716,LOW,MONITOR
8805-JNRAZ,0.38054847717285156,MEDIUM,ENGAGE
3069-SSVSN,0.14439617097377777,LOW,MONITOR
8015-IHCGW,0.011403987184166908,LOW,MONITOR
8132-YPVBX,0.7180435061454773,HIGH,URGENT
0235-KGSLC,0.8178424835205078,HIGH,URGENT
1302-UHBDD,0.4483252167701721,MEDIUM,ENGAGE
3722-WPXTK,0.8443988561630249,HIGH,URGENT
7531-GQHME,0.06189809367060661,LOW,MONITOR
1335-NTIUC,0.5327776074409485,MEDIUM,ENGAGE
9367-TCUYN,0.12377765774726868,LOW,MONITOR
1536-HBSWP,0.35278239846229553,MEDIUM,ENGAGE
8573-JGCZW,0.04685452952980995,LOW,MONITOR
2694-CIUMO,0.5680508017539978,MEDIUM,ENGAGE
2027-FECZV,0.6435181498527527,HIGH,URGENT
9103-TCIHJ,0.18833769857883453,LOW,MONITOR
1545-JFUML,0.018572647124528885,LOW,MONITOR
0524-IAVZO,0.6259885430335999,HIGH,URGENT
5519-TEEUH,0.027222435921430588,LOW,MONITOR
6654-QGBZZ,0.41697508096694946,MEDIUM,ENGAGE
2294-DMMUS,0.10802792012691498,LOW,MONITOR
0017-IUDMW,0.009459762834012508,LOW,MONITOR
5018-LXQQG,0.07975257188081741,LOW,MONITOR
5808-TOTXO,0.043824031949043274,LOW,MONITOR
1174-FGIFN,0.20844902098178864,LOW,MONITOR
0730-KOAVE,0.40120455622673035,MEDIUM,ENGAGE
1218-VKFPE,0.014079186134040356,LOW,MONITOR
5313-FPXWG,0.03292061388492584,LOW,MONITOR
2834-JKOOW,0.06434271484613419,LOW,MONITOR
9430-NKQLY,0.0012011914514005184,LOW,MONITOR
0363-QJVFX,0.2094402313232422,LOW,MONITOR
1658-TJVOA,0.4916832447052002,MEDIUM,ENGAGE
6685-GBWJZ,0.03180864453315735,LOW,MONITOR
6328-ZPBGN,0.6851805448532104,HIGH,URGENT
4003-FUSHP,0.1640014946460724,LOW,MONITOR
7690-KPNCU,0.08211261034011841,LOW,MONITOR
2969-WGHQO,0.08222152292728424,LOW,MONITOR
1855-CFULU,0.15980249643325806,LOW,MONITOR
9788-YTFGE,0.11035698652267456,LOW,MONITOR
8266-VBFQL,0.5883601307868958,MEDIUM,ENGAGE
2325-NBPZG,0.4893803894519806,MEDIUM,ENGAGE
9906-NHHVC,0.04355024918913841,LOW,MONITOR
2541-YGPKE,0.08955579251050949,LOW,MONITOR
5049-MUBWG,0.05856727063655853,LOW,MONITOR
2332-TODQS,0.03878530114889145,LOW,MONITOR
4419-UJMUS,0.12999451160430908,LOW,MONITOR
2233-TXSIU,0.06063366308808327,LOW,MONITOR
6770-XUAGN,0.5391339659690857,MEDIUM,ENGAGE
2919-HBCJO,0.5839616656303406,MEDIUM,ENGAGE
9508-ILZDG,0.4562861919403076,MEDIUM,ENGAGE
5442-BHQNG,0.5060715675354004,MEDIUM,ENGAGE
7250-EQKIY,0.473552942276001,MEDIUM,ENGAGE
6838-HVLXG,0.06598612666130066,LOW,MONITOR
9767-FFLEM,0.28225213289260864,LOW,MONITOR
2245-ADZFJ,0.029015909880399704,LOW,MONITOR
1150-WFARN,0.17586633563041687,LOW,MONITOR
9054-FOWNV,0.5868120789527893,MEDIUM,ENGAGE
7997-EASSD,0.03651758283376694,LOW,MONITOR
7560-QJAVJ,0.03852434456348419,LOW,MONITOR
2668-TZSPS,0.2446228265762329,LOW,MONITOR
9139-WQQDY,0.11172480136156082,LOW,MONITOR
6726-NNFWD,0.02774956077337265,LOW,MONITOR
9330-DHBFL,0.03427877649664879,LOW,MONITOR
5727-MYATE,0.0015458945417776704,LOW,MONITOR
2824-DXNKN,0.008716722950339317,LOW,MONITOR
6166-ILMNY,0.4596269726753235,MEDIUM,ENGAGE
5236-XMZJY,0.1544869989156723,LOW,MONITOR
1709-EJDOX,0.009459021501243114,LOW,MONITOR
4962-CHQPW,0.013733786530792713,LOW,MONITOR
0301-FIDRB,0.003787250956520438,LOW,MONITOR
1820-TQVEV,0.8808337450027466,HIGH,URGENT
9115-YQHGA,0.11472702771425247,LOW,MONITOR
1541-ETJZO,0.3655674159526825,MEDIUM,ENGAGE
6230-BSUXY,0.8693547248840332,HIGH,URGENT
6797-LNAQX,0.062306683510541916,LOW,MONITOR
9588-YRFHY,0.006667610723525286,LOW,MONITOR
1092-GANHU,0.3575444519519806,MEDIUM,ENGAGE
5951-AOFIH,0.12690871953964233,LOW,MONITOR
7029-RPUAV,0.5655182600021362,MEDIUM,ENGAGE
4700-UBQMV,0.10723064839839935,LOW,MONITOR
3594-UVONA,0.12740884721279144,LOW,MONITOR
7750-EYXWZ,0.15807975828647614,LOW,MONITOR
7054-ENNGU,0.13781990110874176,LOW,MONITOR
0402-OAMEN,0.0010519049828872085,LOW,MONITOR
2195-VVRJF,0.16854357719421387,LOW,MONITOR
8819-ZBYNA,0.2791418135166168,LOW,MONITOR
7748-UMTRK,0.5209705829620361,MEDIUM,ENGAGE
1741-WTPON,0.027101999148726463,LOW,MONITOR
7209-JCUDS,0.800169050693512,HIGH,URGENT
2485-ITVKB,0.7702628970146179,HIGH,URGENT
9648-BCHKM,0.011131682433187962,LOW,MONITOR
0743-HRVFF,0.145504429936409,LOW,MONITOR
2522-AHJXR,0.11170580238103867,LOW,MONITOR
9143-CANJF,0.109224833548069,LOW,MONITOR
1444-VVSGW,0.1708391010761261,LOW,MONITOR
6898-MDLZW,0.14865726232528687,LOW,MONITOR
0074-HDKDG,0.04079452529549599,LOW,MONITOR
3982-JGSFD,0.022421296685934067,LOW,MONITOR
7928-VJYAB,0.34745433926582336,MEDIUM,ENGAGE
1522-VVDMG,0.6269772052764893,HIGH,URGENT
2665-NPTGL,0.5644702911376953,MEDIUM,ENGAGE
8728-SKJLR,0.35432279109954834,MEDIUM,ENGAGE
7733-UDMTP,0.3833678960800171,MEDIUM,ENGAGE
0431-APWVY,0.21154451370239258,LOW,MONITOR
5081-NWSUP,0.15842922031879425,LOW,MONITOR
2746-DIJLO,0.11625588685274124,LOW,MONITOR
7277-OZCGZ,0.27589279413223267,LOW,MONITOR
5236-PERKL,0.07993634045124054,LOW,MONITOR
2788-CJQAQ,0.02847195230424404,LOW,MONITOR
3096-WPXBT,0.09032363444566727,LOW,MONITOR
9962-BFPDU,0.4345732033252716,MEDIUM,ENGAGE
2892-GESUL,0.016767675057053566,LOW,MONITOR
9741-YLNTD,0.7047080993652344,HIGH,URGENT
1205-WNWPJ,0.24182933568954468,LOW,MONITOR
3173-NVMPX,0.3209587335586548,MEDIUM,ENGAGE
9661-MHUMO,0.401272177696228,MEDIUM,ENGAGE
6000-APYLU,0.6090626120567322,HIGH,URGENT
0048-PIHNL,0.0155095886439085,LOW,MONITOR
9420-LOJKX,0.7478093504905701,HIGH,URGENT
7061-OVMIM,0.029490452259778976,LOW,MONITOR
5671-RQRLP,0.15396414697170258,LOW,MONITOR
5129-JLPIS,0.6721816062927246,HIGH,URGENT
5170-PTRKA,0.016435083001852036,LOW,MONITOR
4819-HJPIW,0.1990300565958023,LOW,MONITOR
8780-RSYYU,0.03509969636797905,LOW,MONITOR
2335-GSODA,0.012943523935973644,LOW,MONITOR
5696-CEIQJ,0.04624085873365402,LOW,MONITOR
6169-PPETC,0.006116212345659733,LOW,MONITOR
4237-RLAQD,0.5831454396247864,MEDIUM,ENGAGE
7359-WWYJV,0.01401741337031126,LOW,MONITOR
8620-RJPZN,0.32322588562965393,MEDIUM,ENGAGE
7426-WEIJX,0.15156136453151703,LOW,MONITOR
7629-WIXZF,0.1508035808801651,LOW,MONITOR
2616-FLVQC,0.01905931904911995,LOW,MONITOR
9163-GHAYE,0.19277366995811462,LOW,MONITOR
4464-JCOLN,0.02728477120399475,LOW,MONITOR
2971-SGAFL,0.33260586857795715,MEDIUM,ENGAGE
4735-ASGMA,0.7221845388412476,HIGH,URGENT
5245-VDBUR,0.03010537102818489,LOW,MONITOR
1493-AMTIE,0.32258591055870056,MEDIUM,ENGAGE
1112-CUNAO,0.5739994645118713,MEDIUM,ENGAGE
7571-YXDAD,0.565121054649353,MEDIUM,ENGAGE
8714-EUHJO,0.40369749069213867,MEDIUM,ENGAGE
9040-KZVWO,0.05411341413855553,LOW,MONITOR
6713-OKOMC,0.166929230093956,LOW,MONITOR
8749-CLJXC,0.36402809619903564,MEDIUM,ENGAGE
4713-LZDRV,0.7309952974319458,HIGH,URGENT
6598-RFFVI,0.01326788030564785,LOW,MONITOR
7470-MCQTK,0.4497111141681671,MEDIUM,ENGAGE
5524-KHNJP,0.1283966600894928,LOW,MONITOR
1707-HABPF,0.07104894518852234,LOW,MONITOR
4581-LNWUM,0.45249637961387634,MEDIUM,ENGAGE
9710-ZUSHQ,0.26406604051589966,LOW,MONITOR
1697-LYYYX,0.0070272935554385185,LOW,MONITOR
4013-GUXND,0.4434797167778015,MEDIUM,ENGAGE
5022-JNQEQ,0.5564712882041931,MEDIUM,ENGAGE
4983-CCWMC,0.5124602913856506,MEDIUM,ENGAGE
6345-FZOQH,0.0039275349117815495,LOW,MONITOR
0962-CQPWQ,0.005927097983658314,LOW,MONITOR
5495-GPSRW,0.007279123179614544,LOW,MONITOR
2252-JHJGE,0.285249799489975,LOW,MONITOR
7356-AYNJP,0.13462533056735992,LOW,MONITOR
2019-HDCZY,0.13128089904785156,LOW,MONITOR
8582-KRHPJ,0.17590388655662537,LOW,MONITOR
2867-UIMSS,0.8186413645744324,HIGH,URGENT
3487-EARAT,0.14205233752727509,LOW,MONITOR
9926-PJHDQ,0.05665946006774902,LOW,MONITOR
0289-IVARM,0.07989933341741562,LOW,MONITOR
4672-FOTSD,0.21400007605552673,LOW,MONITOR
6198-PNNSZ,0.24145632982254028,LOW,MONITOR
7603-USHJS,0.5212302803993225,MEDIUM,ENGAGE
6784-XYJAE,0.06828314810991287,LOW,MONITOR
3858-XHYJO,0.27910304069519043,LOW,MONITOR
1087-UDSIH,0.1859191507101059,LOW,MONITOR
7251-LJBQN,0.34129616618156433,MEDIUM,ENGAGE
3200-MNQTF,0.020240643993020058,LOW,MONITOR
9359-UGBTK,0.10036229342222214,LOW,MONITOR
8160-HOWOX,0.37926557660102844,MEDIUM,ENGAGE
0258-NOKBL,0.4611228108406067,MEDIUM,ENGAGE
2800-QQUSO,0.7127715349197388,HIGH,URGENT
2129-ALKBS,0.07636028528213501,LOW,MONITOR
9972-VAFJJ,0.11809365451335907,LOW,MONITOR
4693-VWVBO,0.15942475199699402,LOW,MONITOR
6969-MVBAI,0.824020266532898,HIGH,URGENT
4821-WQOYN,0.0013479199260473251,LOW,MONITOR
6769-DYBQN,0.39038971066474915,MEDIUM,ENGAGE
4018-PPNDW,0.01551787555217743,LOW,MONITOR
6288-CHQJB,0.007908252999186516,LOW,MONITOR
4905-JEFDW,0.30213990807533264,MEDIUM,ENGAGE
0559-CKHUS,0.009186681360006332,LOW,MONITOR
2659-VXMWZ,0.11308334767818451,LOW,MONITOR
6559-RAKOZ,0.33842724561691284,MEDIUM,ENGAGE
8809-XKHMD,0.004544735420495272,LOW,MONITOR
6365-HITVU,0.0031750451307743788,LOW,MONITOR
0134-XWXCE,0.189292773604393,LOW,MONITOR
9720-JJJOR,0.06647513061761856,LOW,MONITOR
2782-LFZVW,0.29455700516700745,LOW,MONITOR
6112-KTHFQ,0.05363589897751808,LOW,MONITOR
9220-ZNKJI,0.0310183335095644,LOW,MONITOR
9820-RMCQV,0.15707120299339294,LOW,MONITOR
9013-AQORL,0.1569051444530487,LOW,MONITOR
2040-OBMLJ,0.08839774876832962,LOW,MONITOR
5574-NXZIU,0.09482084959745407,LOW,MONITOR
5446-DKWYW,0.10127466171979904,LOW,MONITOR
0480-KYJVA,0.000853080244269222,LOW,MONITOR
1074-AMIOH,0.36573177576065063,MEDIUM,ENGAGE
0015-UOCOJ,0.3117440640926361,MEDIUM,ENGAGE
0256-LTHVJ,0.43683287501335144,MEDIUM,ENGAGE
4547-LYTDD,0.48310455679893494,MEDIUM,ENGAGE
1077-HUUJM,0.6239022016525269,HIGH,URGENT
2041-JIJCI,0.5483971238136292,MEDIUM,ENGAGE
1555-HAPSU,0.003973109647631645,LOW,MONITOR
4323-SADQS,0.26319146156311035,LOW,MONITOR
3292-PBZEJ,0.7750110626220703,HIGH,URGENT
6203-HBZPA,0.011004059575498104,LOW,MONITOR
9755-JHNMN,0.0184220839291811,LOW,MONITOR
7369-TRPFD,0.004756319336593151,LOW,MONITOR
9878-TNQGW,0.6771000027656555,HIGH,URGENT
2279-AXJJK,0.23615561425685883,LOW,MONITOR
5016-IBERQ,0.4396388530731201,MEDIUM,ENGAGE
1016-DJTSV,0.5368213653564453,MEDIUM,ENGAGE
8433-WPJTV,0.13828720152378082,LOW,MONITOR
8903-XEBGX,0.6300159692764282,HIGH,URGENT
2632-TACXW,0.012418233789503574,LOW,MONITOR
7952-OBOYL,0.7199952006340027,HIGH,URGENT
1470-PSXNM,0.17304812371730804,LOW,MONITOR
6227-HWPWX,0.18698455393314362,LOW,MONITOR
5924-SNGKP,0.014231620356440544,LOW,MONITOR
8818-DOPVL,0.5501582026481628,MEDIUM,ENGAGE
4521-WFJAI,0.01844719611108303,LOW,MONITOR
4724-WXVWF,0.23545771837234497,LOW,MONITOR
3717-OEAUQ,0.47603610157966614,MEDIUM,ENGAGE
8165-ZJRNM,0.002430954482406378,LOW,MONITOR
7838-LAZFO,0.0767582505941391,LOW,MONITOR
0513-RBGPE,0.022526875138282776,LOW,MONITOR
7251-XFOIL,0.11112044006586075,LOW,MONITOR
2525-GVKQU,0.015444987453520298,LOW,MONITOR
7579-OOPEC,0.4713049530982971,MEDIUM,ENGAGE
3795-GWTRD,0.014300810173153877,LOW,MONITOR
4750-ZRXIU,0.8538305163383484,HIGH,URGENT
5445-PZWGX,0.09407845139503479,LOW,MONITOR
0516-UXRMT,0.07269774377346039,LOW,MONITOR
0727-BNRLG,0.059028491377830505,LOW,MONITOR
3932-CMDTD,0.38918083906173706,MEDIUM,ENGAGE
1264-FUHCX,0.1319715827703476,LOW,MONITOR
6194-HBGQN,0.042101532220840454,LOW,MONITOR
4524-QCSSM,0.37016063928604126,MEDIUM,ENGAGE
4570-QHXHL,0.3563688099384308,MEDIUM,ENGAGE
2972-YDYUW,0.13072532415390015,LOW,MONITOR
2061-VVFST,0.08452843129634857,LOW,MONITOR
6874-SGLHU,0.27113068103790283,LOW,MONITOR
9844-FELAJ,0.18722356855869293,LOW,MONITOR
1902-XBTFB,0.5060303807258606,MEDIUM,ENGAGE
9039-RBEEE,0.13671040534973145,LOW,MONITOR
9369-XFEHK,0.41731902956962585,MEDIUM,ENGAGE
3680-CTHUH,0.19039009511470795,LOW,MONITOR
3679-XASPY,0.3690277338027954,MEDIUM,ENGAGE
9089-UOWJG,0.24094322323799133,LOW,MONITOR
1574-DYCWE,0.0124816270545125,LOW,MONITOR
9779-DPNEJ,0.47442105412483215,MEDIUM,ENGAGE
2967-MXRAV,0.016624243929982185,LOW,MONITOR
0327-WFZSY,0.22914685308933258,LOW,MONITOR
1731-TVIUK,0.8024675250053406,HIGH,URGENT
7666-WKRON,0.09028902649879456,LOW,MONITOR
3865-ZYKAD,0.233717679977417,LOW,MONITOR
1465-LNTLJ,0.1996653825044632,LOW,MONITOR
2696-RZVZW,0.005932317115366459,LOW,MONITOR
0685-MLYYM,0.5693531036376953,MEDIUM,ENGAGE
2778-OCLGR,0.3277626633644104,MEDIUM,ENGAGE
3982-XWFZQ,0.2573014795780182,LOW,MONITOR
4759-PXTAN,0.08897180110216141,LOW,MONITOR
1448-PWKYE,0.8418759107589722,HIGH,URGENT
8741-LQOBK,0.13885481655597687,LOW,MONITOR
8650-RHRKE,0.6230511665344238,HIGH,URGENT
7266-GSSJX,0.07456757128238678,LOW,MONITOR
1265-HVPZB,0.03290114179253578,LOW,MONITOR
9640-ZSLDC,0.11317054182291031,LOW,MONITOR
0988-JRWWP,0.5518218874931335,MEDIUM,ENGAGE
1926-QUZNN,0.0014583158772438765,LOW,MONITOR
9025-ZRPVR,0.05007411912083626,LOW,MONITOR
6527-PZFPV,0.024500716477632523,LOW,MONITOR
7460-ITWWP,0.29081442952156067,LOW,MONITOR
1530-ZTDOZ,0.1762210875749588,LOW,MONITOR
4785-FCIFB,0.008586309850215912,LOW,MONITOR
9717-QEBGU,0.598412036895752,MEDIUM,ENGAGE
0876-WDUUZ,0.7016802430152893,HIGH,URGENT
7881-EVUAD,0.5577644109725952,MEDIUM,ENGAGE
4002-BQWPQ,0.14188224077224731,LOW,MONITOR
6377-WHAOX,0.5259583592414856,MEDIUM,ENGAGE
5027-YOCXN,0.15056046843528748,LOW,MONITOR
8450-JOVAH,0.31119799613952637,MEDIUM,ENGAGE
6646-QVXLR,0.288534551858902,LOW,MONITOR
0254-KCJGT,0.0822485089302063,LOW,MONITOR
3442-ZHHCC,0.13544026017189026,LOW,MONITOR
9167-APMXZ,0.43878236413002014,MEDIUM,ENGAGE
0616-ATFGB,0.7673169374465942,HIGH,URGENT
7273-TEFQD,0.7669734358787537,HIGH,URGENT
8245-UMPYT,0.7250930070877075,HIGH,URGENT
6022-UGGSO,0.4984864592552185,MEDIUM,ENGAGE
6292-TOSSS,0.024798372760415077,LOW,MONITOR
5207-PLSTK,0.4808613955974579,MEDIUM,ENGAGE
3908-BLSYF,0.6560922861099243,HIGH,URGENT
4317-VTEOA,0.6302659511566162,HIGH,URGENT
0625-AFOHS,0.004692560527473688,LOW,MONITOR
4667-OHGKG,0.41751226782798767,MEDIUM,ENGAGE
2386-OWURY,0.20266416668891907,LOW,MONITOR
3780-DDGSE,0.15426306426525116,LOW,MONITOR
1047-RNXZV,0.008497861213982105,LOW,MONITOR
3926-YZVVX,0.04193916544318199,LOW,MONITOR
4742-TXUEX,0.0072354525327682495,LOW,MONITOR
8709-KRDVL,0.5035547614097595,MEDIUM,ENGAGE
0397-ZXWQF,0.004269205033779144,LOW,MONITOR
3910-MRQOY,0.0037909585516899824,LOW,MONITOR
2511-MORQY,0.068388432264328,LOW,MONITOR
4039-PIMHX,0.1325490027666092,LOW,MONITOR
8083-YTZES,0.7465620040893555,HIGH,URGENT
1346-PJWTK,0.07325221598148346,LOW,MONITOR
3750-YHRYO,0.01814367063343525,LOW,MONITOR
1236-WFCDV,0.42091605067253113,MEDIUM,ENGAGE
5949-HGVJL,0.12555505335330963,LOW,MONITOR
9112-WSNPU,0.5482454299926758,MEDIUM,ENGAGE
1360-JYXKQ,0.24535904824733734,LOW,MONITOR
3585-ISXZP,0.7040929198265076,HIGH,URGENT
8380-PEFPE,0.8071134686470032,HIGH,URGENT
9402-ROUMJ,0.12631413340568542,LOW,MONITOR
4335-UPJSI,0.005653034429997206,LOW,MONITOR
6096-EGVTU,0.014969401061534882,LOW,MONITOR
8988-ECPJR,0.45459070801734924,MEDIUM,ENGAGE
7677-SJJJK,0.02427714318037033,LOW,MONITOR
5850-BDWCY,0.07163824886083603,LOW,MONITOR
2025-JKFWI,0.7636417746543884,HIGH,URGENT
8028-PNXHQ,0.00581419887021184,LOW,MONITOR
8397-MVTAZ,0.6383891701698303,HIGH,URGENT
4445-ZJNMU,0.8830887079238892,HIGH,URGENT
3125-RAHBV,0.018591856583952904,LOW,MONITOR
6682-QJDGB,0.23570555448532104,LOW,MONITOR
8840-DQLGN,0.25109004974365234,LOW,MONITOR
6258-NGCNG,0.17499224841594696,LOW,MONITOR
5917-RYRMG,0.012820876203477383,LOW,MONITOR
7157-SMCFK,0.0277668759226799,LOW,MONITOR
0816-TSPHQ,0.08053968101739883,LOW,MONITOR
6766-HFKLA,0.06482312083244324,LOW,MONITOR
7067-KSAZT,0.2717907726764679,LOW,MONITOR
5155-AZQPB,0.05841398984193802,LOW,MONITOR
6890-PFRQX,0.14898039400577545,LOW,MONITOR
3508-VLHCZ,0.0038344936911016703,LOW,MONITOR
3649-JPUGY,0.0075343153439462185,LOW,MONITOR
9248-OJYKK,0.9132309556007385,HIGH,URGENT
7239-HZZCX,0.3197006583213806,MEDIUM,ENGAGE
9860-LISIZ,0.045973457396030426,LOW,MONITOR
6979-ZNSFF,0.7896766066551208,HIGH,URGENT
8938-UMKPI,0.5549919605255127,MEDIUM,ENGAGE
1820-DJFPH,0.002298454288393259,LOW,MONITOR
0732-OCQOC,0.017910994589328766,LOW,MONITOR
6776-TLWOI,0.13691826164722443,LOW,MONITOR
4940-KHCWD,0.009574363008141518,LOW,MONITOR
9057-SIHCH,0.877274751663208,HIGH,URGENT
9866-QEVEE,0.36971715092658997,MEDIUM,ENGAGE
5542-TBBWB,0.8565287590026855,HIGH,URGENT
4587-VVTOX,0.7848973274230957,HIGH,URGENT
6322-HRPFA,0.07004944235086441,LOW,MONITOR
6284-AHOOQ,0.3331843614578247,MEDIUM,ENGAGE
4530-NDRKU,0.01963750831782818,LOW,MONITOR
1751-NCDLI,0.7110633254051208,HIGH,URGENT
3893-JRNFS,0.13027985394001007,LOW,MONITOR
5857-XRECV,0.03707055747509003,LOW,MONITOR
3115-CZMZD,0.009442710317671299,LOW,MONITOR
4489-SNOJF,0.146865114569664,LOW,MONITOR
1051-GEJLJ,0.19780278205871582,LOW,MONITOR
3563-SVYLG,0.00842457264661789,LOW,MONITOR
4301-VVZKA,0.6317188143730164,HIGH,URGENT
9351-HXDMR,0.05089215189218521,LOW,MONITOR
5161-XEUVX,0.057004693895578384,LOW,MONITOR
3088-FVYWK,0.02510165423154831,LOW,MONITOR
9812-GHVRI,0.3393784165382385,MEDIUM,ENGAGE
1370-GGAWX,0.2280399650335312,LOW,MONITOR
6023-YEBUP,0.8780906200408936,HIGH,URGENT
9940-RHLFB,0.7323974370956421,HIGH,URGENT
4541-RMRLG,0.06139640882611275,LOW,MONITOR
2606-RMDHZ,0.42219075560569763,MEDIUM,ENGAGE
5575-TPIZQ,0.2515786588191986,LOW,MONITOR
9378-FXTIZ,0.10965222865343094,LOW,MONITOR
4631-OACRM,0.6430647373199463,HIGH,URGENT
8593-WHYHV,0.8513554334640503,HIGH,URGENT
1403-GYAFU,0.0031669167801737785,LOW,MONITOR
7641-TQFHN,0.04528660327196121,LOW,MONITOR
4237-CLSMM,0.10763721168041229,LOW,MONITOR
4360-PNRQB,0.2894021272659302,LOW,MONITOR
5334-AFQJB,0.0018133147386834025,LOW,MONITOR
9308-ANMVE,0.283938467502594,LOW,MONITOR
3530-VWVGU,0.09963670372962952,LOW,MONITOR
4674-HGNUA,0.00362227251753211,LOW,MONITOR
3030-YDNRM,0.7164721488952637,HIGH,URGENT
3642-BYHDO,0.004538459703326225,LOW,MONITOR
0440-UEDAI,0.10092677175998688,LOW,MONITOR
9819-FBNSV,0.34819984436035156,MEDIUM,ENGAGE
9289-LBQVU,0.05362560972571373,LOW,MONITOR
4468-YDOVK,0.2688749432563782,LOW,MONITOR
2001-EWBQU,0.13181395828723907,LOW,MONITOR
9992-UJOEL,0.5364401340484619,MEDIUM,ENGAGE
8409-WQJUX,0.12152444571256638,LOW,MONITOR
3077-RSNTJ,0.10482563823461533,LOW,MONITOR
6993-YCOBK,0.034501176327466965,LOW,MONITOR
4817-VYYWS,0.5366908311843872,MEDIUM,ENGAGE
4702-HDRKD,0.02014850080013275,LOW,MONITOR
3251-YMVWZ,0.09374111145734787,LOW,MONITOR
4190-MFLUW,0.26398539543151855,LOW,MONITOR
4678-DVQEO,0.462606281042099,MEDIUM,ENGAGE
4701-AHWMW,0.08587310463190079,LOW,MONITOR
2987-BJXIK,0.017820648849010468,LOW,MONITOR
1730-VFMWO,0.06593213975429535,LOW,MONITOR
1936-UAFEH,0.08145078271627426,LOW,MONITOR
5140-FOMCQ,0.24477532505989075,LOW,MONITOR
8778-LMWTJ,0.4680503010749817,MEDIUM,ENGAGE
9840-DVNDC,0.6087430119514465,HIGH,URGENT
8033-VCZGH,0.43093931674957275,MEDIUM,ENGAGE
8580-QVLOC,0.0018345480784773827,LOW,MONITOR
6128-AQBMT,0.502541720867157,MEDIUM,ENGAGE
6257-RJOHI,0.28361645340919495,LOW,MONITOR
1929-ZCBHE,0.04646392539143562,LOW,MONITOR
6242-SGYTS,0.06241239234805107,LOW,MONITOR
7010-ZMVBF,0.057857248932123184,LOW,MONITOR
3519-ZKXGG,0.7616066336631775,HIGH,URGENT
5666-MBJPT,0.009577605873346329,LOW,MONITOR
3313-QKNKB,0.15811412036418915,LOW,MONITOR
7581-EBBOU,0.03923611715435982,LOW,MONITOR
1784-BXEFA,0.07576503604650497,LOW,MONITOR
7492-TAFJD,0.020740440115332603,LOW,MONITOR
5213-TWWJU,0.23029890656471252,LOW,MONITOR
3312-ZWLGF,0.5010627508163452,MEDIUM,ENGAGE
2923-ARZLG,0.10088322311639786,LOW,MONITOR
7032-LMBHI,0.039077531546354294,LOW,MONITOR
8292-ITGYJ,0.017889317125082016,LOW,MONITOR
9107-UKCKY,0.14807957410812378,LOW,MONITOR
6848-HJTXY,0.01296208705753088,LOW,MONITOR
4184-VODJZ,0.09975425153970718,LOW,MONITOR
4846-WHAFZ,0.5510550737380981,MEDIUM,ENGAGE
8735-SDUFN,0.0014297575689852238,LOW,MONITOR
0839-JTCUD,0.018987493589520454,LOW,MONITOR
6857-VWJDT,0.8802632689476013,HIGH,URGENT
7363-QTBIW,0.6570319533348083,HIGH,URGENT
6158-HDPXZ,0.5324674844741821,MEDIUM,ENGAGE
5419-CONWX,0.8624112606048584,HIGH,URGENT
9286-DOJGF,0.3927578628063202,MEDIUM,ENGAGE
2408-PSJVE,0.06987318396568298,LOW,MONITOR
2087-QAREY,0.21204441785812378,LOW,MONITOR
6777-TGHTM,0.338320255279541,MEDIUM,ENGAGE
6507-ZJSUR,0.5025706887245178,MEDIUM,ENGAGE
5025-GOOKI,0.050876714289188385,LOW,MONITOR
6080-LNESI,0.020096957683563232,LOW,MONITOR
2236-HILPA,0.005458689294755459,LOW,MONITOR
1386-ZIKUV,0.051253993064165115,LOW,MONITOR
3365-SAIGS,0.506586492061615,MEDIUM,ENGAGE
6061-GWWAV,0.037668049335479736,LOW,MONITOR
9979-RGMZT,0.37332653999328613,MEDIUM,ENGAGE
8445-DNBAE,0.6075148582458496,HIGH,URGENT
6872-HXFNF,0.015834352001547813,LOW,MONITOR
1320-HTRDR,0.7380604147911072,HIGH,URGENT
3923-CSIHK,0.27992892265319824,LOW,MONITOR
2446-ZKVAF,0.1690417230129242,LOW,MONITOR
4640-UHDOS,0.2781251072883606,LOW,MONITOR
5457-COLHT,0.01973443105816841,LOW,MONITOR
2254-DLXRI,0.8781987428665161,HIGH,URGENT
5339-PXDVH,0.5107269883155823,MEDIUM,ENGAGE
2386-LAHRK,0.6283339262008667,HIGH,URGENT
5062-CJJKH,0.047924868762493134,LOW,MONITOR
8930-XOTDP,0.22485840320587158,LOW,MONITOR
4779-ZGICK,0.03272678330540657,LOW,MONITOR
9534-NSXEM,0.01146196573972702,LOW,MONITOR
3716-BDVDB,0.8808337450027466,HIGH,URGENT
9842-EFSYY,0.31895485520362854,MEDIUM,ENGAGE
9122-UMROB,0.2606678009033203,LOW,MONITOR
1867-BDVFH,0.6458084583282471,HIGH,URGENT
5949-EBSQK,0.217876598238945,LOW,MONITOR
4160-AMJTL,0.1465911716222763,LOW,MONITOR
8622-ZLFKO,0.8300462365150452,HIGH,URGENT
2990-IAJSV,0.0022204469423741102,LOW,MONITOR
6064-ZATLR,0.019233860075473785,LOW,MONITOR
7409-KIUTL,0.8253040909767151,HIGH,URGENT
5505-OVWQW,0.03333349525928497,LOW,MONITOR
3948-KXDUF,0.009141327813267708,LOW,MONITOR
9814-AOUDH,0.013314049690961838,LOW,MONITOR
7398-LXGYX,0.24744291603565216,LOW,MONITOR
5266-PFRQK,0.035967402160167694,LOW,MONITOR
1568-BEKZM,0.0328168123960495,LOW,MONITOR
2692-PFYTJ,0.2991550862789154,LOW,MONITOR
2533-QVMSK,0.06547011435031891,LOW,MONITOR
5828-AVIPD,0.34201955795288086,MEDIUM,ENGAGE
2907-ILJBN,0.02329208143055439,LOW,MONITOR
5226-NOZFC,0.485336035490036,MEDIUM,ENGAGE
7114-AEOZE,0.018225783482193947,LOW,MONITOR
2202-CUYXZ,0.8489853143692017,HIGH,URGENT
3466-RITXD,0.46870607137680054,MEDIUM,ENGAGE
7278-CKDNC,0.5335727334022522,MEDIUM,ENGAGE
1956-YIFGE,0.3286571502685547,MEDIUM,ENGAGE
0422-UXFAP,0.3057434558868408,MEDIUM,ENGAGE
3733-UOCWF,0.03457116335630417,LOW,MONITOR
7191-ADRGF,0.06564615666866302,LOW,MONITOR
5709-LVOEQ,0.04004969447851181,LOW,MONITOR
6034-YMTOB,0.4660184979438782,MEDIUM,ENGAGE
6372-RFVNS,0.8574746251106262,HIGH,URGENT
9052-DHNKM,0.058037374168634415,LOW,MONITOR
5609-IMCGG,0.37847602367401123,MEDIUM,ENGAGE
2959-MJHIC,0.7069984674453735,HIGH,URGENT
1319-YLZJG,0.49710893630981445,MEDIUM,ENGAGE
7623-TRNQN,0.3079434633255005,MEDIUM,ENGAGE
0377-JBKKT,0.08478119969367981,LOW,MONITOR
1936-CZAKF,0.06942840665578842,LOW,MONITOR
5063-IUOKK,0.007733671460300684,LOW,MONITOR
8646-JCOMS,0.06682898849248886,LOW,MONITOR
0979-MOZQI,0.02391047030687332,LOW,MONITOR
1525-LNLOJ,0.024457521736621857,LOW,MONITOR
5759-RCVCB,0.4936501681804657,MEDIUM,ENGAGE
9968-FFVVH,0.014024960808455944,LOW,MONITOR
2266-FUBDZ,0.012657576240599155,LOW,MONITOR
4760-THGOT,0.3298473358154297,MEDIUM,ENGAGE
2307-FYNNL,0.3647364675998688,MEDIUM,ENGAGE
1143-NMNQJ,0.8571532964706421,HIGH,URGENT
1629-DQQVB,0.140110582113266,LOW,MONITOR
3766-EJLFL,0.3545443117618561,MEDIUM,ENGAGE
8457-XIGKN,0.06058284640312195,LOW,MONITOR
4981-FLTMF,0.050330404192209244,LOW,MONITOR
7606-BPHHN,0.0006355143268592656,LOW,MONITOR
7005-CCBKV,0.7102603316307068,HIGH,URGENT
4648-YPBTM,0.02720513567328453,LOW,MONITOR
2325-ZUSFD,0.031332917511463165,LOW,MONITOR
1240-KNSEZ,0.5811033248901367,MEDIUM,ENGAGE
0430-IHCDJ,0.5186527967453003,MEDIUM,ENGAGE
7957-RYHQD,0.32483503222465515,MEDIUM,ENGAGE
6164-HAQTX,0.010206375271081924,LOW,MONITOR
0749-IRGQE,0.5910097360610962,MEDIUM,ENGAGE
1227-UDMZR,0.002290022559463978,LOW,MONITOR
5473-KHBPS,0.09324712306261063,LOW,MONITOR
5297-MDOIR,0.024321600794792175,LOW,MONITOR
8873-TMKGR,0.0027792593464255333,LOW,MONITOR
6481-ESCNL,0.3504445552825928,MEDIUM,ENGAGE
0463-WZZKO,0.1120305135846138,LOW,MONITOR
1038-RQOST,0.05335044488310814,LOW,MONITOR
4937-QPZPO,0.3520592749118805,MEDIUM,ENGAGE
3604-WLABM,0.27348843216896057,LOW,MONITOR
1360-XFJMR,0.15616470575332642,LOW,MONITOR
8717-VCTXJ,0.02010824903845787,LOW,MONITOR
5196-SGOAK,0.840762197971344,HIGH,URGENT
8739-XNIKG,0.8173704743385315,HIGH,URGENT
2320-TZRRH,0.03368280455470085,LOW,MONITOR
5186-SAMNZ,0.848962664604187,HIGH,URGENT
5760-FXFVO,0.49871549010276794,MEDIUM,ENGAGE
5380-WJKOV,0.580819845199585,MEDIUM,ENGAGE
4703-MQYKT,0.009137783199548721,LOW,MONITOR
2001-MCUUW,0.22937344014644623,LOW,MONITOR
4947-DSMXK,0.4014629125595093,MEDIUM,ENGAGE
0076-LVEPS,0.0633910521864891,LOW,MONITOR
5566-SOEZD,0.06015872582793236,LOW,MONITOR
7408-OFWXJ,0.0014412695309147239,LOW,MONITOR
1097-FSPVW,0.20305724442005157,LOW,MONITOR
4412-YLTKF,0.5086691975593567,MEDIUM,ENGAGE
0420-TXVSG,0.00936061143875122,LOW,MONITOR
7817-BOQPW,0.7425605654716492,HIGH,URGENT
0963-ZBDRN,0.4317440986633301,MEDIUM,ENGAGE
9685-WKZGT,0.7807386517524719,HIGH,URGENT
2139-FQHLM,0.3173409402370453,MEDIUM,ENGAGE
5825-XJOCM,0.04632988199591637,LOW,MONITOR
0004-TLHLJ,0.6051148772239685,HIGH,URGENT
7529-ZDFXI,0.3202115595340729,MEDIUM,ENGAGE
6848-YLDFR,0.07036277651786804,LOW,MONITOR
5820-PTRYM,0.03413006663322449,LOW,MONITOR
2984-RGEYA,0.009193741716444492,LOW,MONITOR
6434-TTGJP,0.010317707434296608,LOW,MONITOR
9643-AVVWI,0.6797124147415161,HIGH,URGENT
3506-OVLKD,0.03158203884959221,LOW,MONITOR
4946-EDSEW,0.05525663495063782,LOW,MONITOR
2924-KHUVI,0.35542526841163635,MEDIUM,ENGAGE
2263-SFSQZ,0.019688397645950317,LOW,MONITOR
5281-BUZGT,0.44407543540000916,MEDIUM,ENGAGE
3717-FDJFU,0.004792055115103722,LOW,MONITOR
2239-CFOUJ,0.04676361754536629,LOW,MONITOR
8699-ASUFO,0.7084311842918396,HIGH,URGENT
1122-YJBCS,0.022637665271759033,LOW,MONITOR
0628-CNQRM,0.0426604226231575,LOW,MONITOR
1705-GUHPV,0.009098762646317482,LOW,MONITOR
4877-TSOFF,0.048607248812913895,LOW,MONITOR
7404-JLKQG,0.42920124530792236,MEDIUM,ENGAGE
0379-DJQHR,0.05089123174548149,LOW,MONITOR
8993-PHFWD,0.5331750512123108,MEDIUM,ENGAGE
3930-ZGWVE,0.3197006583213806,MEDIUM,ENGAGE
1965-DDBWU,0.48676714301109314,MEDIUM,ENGAGE
7572-KPVKK,0.14377228915691376,LOW,MONITOR
6854-EXGSF,0.17356137931346893,LOW,MONITOR
9483-GCPWE,0.04001259058713913,LOW,MONITOR
8053-WWDRO,0.13717089593410492,LOW,MONITOR
9473-CBZOP,0.02357301488518715,LOW,MONITOR
3985-HOYPM,0.02545406110584736,LOW,MONITOR
8378-LKJAF,0.4443943500518799,MEDIUM,ENGAGE
1310-QRITU,0.3955088257789612,MEDIUM,ENGAGE
3237-AJGEH,0.2623860538005829,LOW,MONITOR
6542-LWGXJ,0.5358966588973999,MEDIUM,ENGAGE
6953-PBDIN,0.08814731985330582,LOW,MONITOR
6332-FBZRI,0.029611315578222275,LOW,MONITOR
9365-CSLBQ,0.0013809306547045708,LOW,MONITOR
3466-WAESX,0.2846221923828125,LOW,MONITOR
9700-ISPUP,0.2306053787469864,LOW,MONITOR
5167-ZFFMM,0.8452233076095581,HIGH,URGENT
7669-LCRSD,0.22606396675109863,LOW,MONITOR
0870-VEMYL,0.1905917078256607,LOW,MONITOR
2995-UPRYS,0.19046607613563538,LOW,MONITOR
3179-GBRWV,0.14216560125350952,LOW,MONITOR
0701-TJSEF,0.1374882012605667,LOW,MONITOR
1848-LBZHY,0.20796772837638855,LOW,MONITOR
5380-XPJNZ,0.02502705715596676,LOW,MONITOR
6608-QQLVK,0.6217872500419617,HIGH,URGENT
1475-VWVDO,0.5932491421699524,MEDIUM,ENGAGE
3721-CNEYS,0.619172990322113,HIGH,URGENT
4299-OPXEJ,0.039719950407743454,LOW,MONITOR
0096-BXERS,0.3845697045326233,MEDIUM,ENGAGE
3055-VTCGS,0.03685582056641579,LOW,MONITOR
9405-GPBBG,0.10604780912399292,LOW,MONITOR
6704-UTUKK,0.32502877712249756,MEDIUM,ENGAGE
9944-AEXBM,0.3560085594654083,MEDIUM,ENGAGE
2545-EBUPK,0.8778955340385437,HIGH,URGENT
6270-OMFIW,0.1562231332063675,LOW,MONITOR
1852-XEMDW,0.14602001011371613,LOW,MONITOR
8158-WPEZG,0.311974436044693,MEDIUM,ENGAGE
5198-EFNBM,0.10861830413341522,LOW,MONITOR
7663-RGWBC,0.542669951915741,MEDIUM,ENGAGE
3970-XGJDU,0.014087522402405739,LOW,MONITOR
6845-RGTYS,0.4041845202445984,MEDIUM,ENGAGE
0123-CRBRT,0.009779788553714752,LOW,MONITOR
6077-BDPXA,0.5983205437660217,MEDIUM,ENGAGE
2250-IVBWA,0.1277347207069397,LOW,MONITOR
6137-NICCO,0.8162636160850525,HIGH,URGENT
8129-GMVGI,0.019137360155582428,LOW,MONITOR
4353-HYOJD,0.06593208014965057,LOW,MONITOR
8671-KKKOS,0.2119796872138977,LOW,MONITOR
8080-DDEMJ,0.7078068256378174,HIGH,URGENT
6698-OXETB,0.005173630081117153,LOW,MONITOR
3312-UUMZW,0.49217113852500916,MEDIUM,ENGAGE
6376-GAHQE,0.6063604950904846,HIGH,URGENT
0733-VUNUW,0.10687386244535446,LOW,MONITOR
6733-LRIZX,0.24165068566799164,LOW,MONITOR
2165-VOEGB,0.12411117553710938,LOW,MONITOR
1853-UDXBW,0.8642604351043701,HIGH,URGENT
9070-BCKQP,0.006464702542871237,LOW,MONITOR
1035-IPQPU,0.36581215262413025,MEDIUM,ENGAGE
2057-ZBLPD,0.5766547918319702,MEDIUM,ENGAGE
6967-PEJLL,0.051167551428079605,LOW,MONITOR
7879-CGSFV,0.16391998529434204,LOW,MONITOR
2257-BOVXD,0.21976061165332794,LOW,MONITOR
9822-BIIGN,0.1586913764476776,LOW,MONITOR
1136-XGEQU,0.10952943563461304,LOW,MONITOR
2439-LYPMQ,0.5633826851844788,MEDIUM,ENGAGE
6543-XRMYR,0.5870958566665649,MEDIUM,ENGAGE
5753-QQWPW,0.057000383734703064,LOW,MONITOR
4785-QRJHC,0.17197905480861664,LOW,MONITOR
0052-YNYOT,0.01787201687693596,LOW,MONITOR
7054-LGEQW,0.48782578110694885,MEDIUM,ENGAGE
0608-JDVEC,0.014621816575527191,LOW,MONITOR
6284-KMNUF,0.22971275448799133,LOW,MONITOR
6286-SUUWT,0.3807021677494049,MEDIUM,ENGAGE
3594-KADLU,0.23021169006824493,LOW,MONITOR
0536-ACXIP,0.04070378094911575,LOW,MONITOR
8869-TORSS,0.0422377772629261,LOW,MONITOR
0373-AIVNJ,0.06304994225502014,LOW,MONITOR
6429-SHBCB,0.11132843047380447,LOW,MONITOR
5751-USDBL,0.013761942274868488,LOW,MONITOR
6815-ABQFQ,0.3075271546840668,MEDIUM,ENGAGE
9450-TRJUU,0.49174630641937256,MEDIUM,ENGAGE
2805-AUFQN,0.007971235550940037,LOW,MONITOR
7855-DIWPO,0.5009691119194031,MEDIUM,ENGAGE
0174-QRVVY,0.0024493003729730844,LOW,MONITOR
9507-EXLTT,0.863138735294342,HIGH,URGENT
8390-FESFV,0.012177224270999432,LOW,MONITOR
0661-KBKPA,0.12474621087312698,LOW,MONITOR
6856-RAURS,0.6774111390113831,HIGH,URGENT
7322-OCWHC,0.0024499844294041395,LOW,MONITOR
2203-GHNWN,0.3535696864128113,MEDIUM,ENGAGE
3413-CSSTH,0.15365441143512726,LOW,MONITOR
3006-XIMLN,0.8319339752197266,HIGH,URGENT
3750-CKVKH,0.6361236572265625,HIGH,URGENT
0576-WNXXC,0.48707452416419983,MEDIUM,ENGAGE
7056-IMHCC,0.6655171513557434,HIGH,URGENT
0866-QLSIR,0.03568126633763313,LOW,MONITOR
1628-BIZYP,0.8477659821510315,HIGH,URGENT
2230-XTUWL,0.008807865902781487,LOW,MONITOR
1980-KXVPM,0.6990676522254944,HIGH,URGENT
8619-IJNDK,0.004194558598101139,LOW,MONITOR
2960-NKRSO,0.28029143810272217,LOW,MONITOR
6705-LXORM,0.52370685338974,MEDIUM,ENGAGE
7130-VTEWQ,0.7383548617362976,HIGH,URGENT
9364-YKUVW,0.13145893812179565,LOW,MONITOR
2761-OCIAX,0.6021738052368164,HIGH,URGENT
7996-BPXHY,0.01358749158680439,LOW,MONITOR
4248-QPAVC,0.45022138953208923,MEDIUM,ENGAGE
9357-UJRUN,0.06064147502183914,LOW,MONITOR
6340-DACFT,0.009207303635776043,LOW,MONITOR
1023-BQXZE,0.018497562035918236,LOW,MONITOR
5480-HPRRX,0.6828451156616211,HIGH,URGENT
9576-SYUHJ,0.31318020820617676,MEDIUM,ENGAGE
2169-RRLFW,0.002522393362596631,LOW,MONITOR
8338-QIUNR,0.004249424673616886,LOW,MONITOR
0463-TXOAK,0.021373359486460686,LOW,MONITOR
4396-KLSEH,0.1787978708744049,LOW,MONITOR
5186-EJEGL,0.15111404657363892,LOW,MONITOR
9334-GWGOW,0.7537064552307129,HIGH,URGENT
5696-JVVQY,0.03284371271729469,LOW,MONITOR
9633-DENPU,0.16294273734092712,LOW,MONITOR
0581-BXBUB,0.46443256735801697,MEDIUM,ENGAGE
2750-BJLSB,0.23215338587760925,LOW,MONITOR
2770-NSVDG,0.3388560712337494,MEDIUM,ENGAGE
8280-MQRQN,0.5540627241134644,MEDIUM,ENGAGE
7851-FLGGQ,0.43204715847969055,MEDIUM,ENGAGE
9374-YOLBJ,0.3399268686771393,MEDIUM,ENGAGE
6583-SZVGP,0.2648634612560272,LOW,MONITOR
2150-OEGBV,0.024180548265576363,LOW,MONITOR
9372-TXXPS,0.0044211396016180515,LOW,MONITOR
6933-FHBZC,0.05192942172288895,LOW,MONITOR
4698-KVLLG,0.007318842224776745,LOW,MONITOR
8752-STIVR,0.729749858379364,HIGH,URGENT
8623-ULFNQ,0.16740171611309052,LOW,MONITOR
9822-WMWVG,0.40589842200279236,MEDIUM,ENGAGE
4304-TSPVK,0.08318210393190384,LOW,MONITOR
1716-LSAMB,0.024306470528244972,LOW,MONITOR
3523-QRQLL,0.1977050006389618,LOW,MONITOR
2187-PKZAY,0.5534966588020325,MEDIUM,ENGAGE
1895-QTKDO,0.45154938101768494,MEDIUM,ENGAGE
8161-QYMTT,0.8479148149490356,HIGH,URGENT
2955-PSXOE,0.35650911927223206,MEDIUM,ENGAGE
6834-NXDCA,0.6314529776573181,HIGH,URGENT
8701-DGLVH,0.010091239586472511,LOW,MONITOR
2480-SQIOB,0.3800342381000519,MEDIUM,ENGAGE
4993-JCRGJ,0.33423683047294617,MEDIUM,ENGAGE
0581-MDMPW,0.4039657711982727,MEDIUM,ENGAGE
7789-CRUVC,0.09134891629219055,LOW,MONITOR
0164-APGRB,0.021216915920376778,LOW,MONITOR
8034-RYTVV,0.049006201326847076,LOW,MONITOR
3018-TFTSU,0.26600801944732666,LOW,MONITOR
9777-IQHWP,0.02877952717244625,LOW,MONITOR
6899-PPEEA,0.640609622001648,HIGH,URGENT
6701-YVNQG,0.001687396434135735,LOW,MONITOR
7649-PHJVR,0.029075656086206436,LOW,MONITOR
9278-VZKCD,0.37850525975227356,MEDIUM,ENGAGE
7636-PEPNS,0.06737875938415527,LOW,MONITOR
1575-KRZZE,0.356871098279953,MEDIUM,ENGAGE
8590-OHDIW,0.012041004374623299,LOW,MONITOR
7764-BDPEE,0.15529191493988037,LOW,MONITOR
9480-BQJEI,0.03577111288905144,LOW,MONITOR
3354-OADJP,0.05650953948497772,LOW,MONITOR
3181-MIZBN,0.14846567809581757,LOW,MONITOR
9327-QSDED,0.2350291609764099,LOW,MONITOR
4892-VLANZ,0.3197006583213806,MEDIUM,ENGAGE
0298-XACET,0.0255837794393301,LOW,MONITOR
6917-FIJHC,0.0009197188192047179,LOW,MONITOR
6557-BZXLQ,0.5545253753662109,MEDIUM,ENGAGE
2432-TFSMK,0.13247811794281006,LOW,MONITOR
4211-MMAZN,0.2606678009033203,LOW,MONITOR
4751-ERMAN,0.03758329153060913,LOW,MONITOR
8430-TWCBX,0.017145929858088493,LOW,MONITOR
1942-OQFRW,0.49546536803245544,MEDIUM,ENGAGE
4075-JFPGR,0.1088254526257515,LOW,MONITOR
3339-EAQNV,0.07002098113298416,LOW,MONITOR
5329-KRDTM,0.01231441367417574,LOW,MONITOR
0307-BCOPK,0.005827399902045727,LOW,MONITOR
6473-ULUHT,0.18426766991615295,LOW,MONITOR
1194-SPVSP,0.2564901113510132,LOW,MONITOR
7249-WBIYX,0.7811139822006226,HIGH,URGENT
2293-IJWPS,0.27865374088287354,LOW,MONITOR
4377-VDHYI,0.1436658650636673,LOW,MONITOR
0019-EFAEP,0.007524245884269476,LOW,MONITOR
2480-EJWYP,0.2558859586715698,LOW,MONITOR
8970-ANWXO,0.11169474571943283,LOW,MONITOR
8739-WWKDU,0.6936274766921997,HIGH,URGENT
2171-UDMFD,0.05488654971122742,LOW,MONITOR
7036-TYDEC,0.1538780927658081,LOW,MONITOR
3831-YCPUO,0.003053046762943268,LOW,MONITOR
0121-SNYRK,0.022829527035355568,LOW,MONITOR
3325-FUYCG,0.17012083530426025,LOW,MONITOR
1952-DVVSW,0.04362713173031807,LOW,MONITOR
3571-DPYUH,0.05847494676709175,LOW,MONITOR
2077-MPJQO,0.7249667644500732,HIGH,URGENT
2391-SOORI,0.31734952330589294,MEDIUM,ENGAGE
4086-ATNFV,0.031042175367474556,LOW,MONITOR
3396-DKDEL,0.04515476152300835,LOW,MONITOR
7471-MQPOS,0.05634886771440506,LOW,MONITOR
7181-OQCUT,0.5773229598999023,MEDIUM,ENGAGE
3489-VSFRD,0.027855776250362396,LOW,MONITOR
6283-GITPX,0.0042663621716201305,LOW,MONITOR
2845-HSJCY,0.593625009059906,MEDIUM,ENGAGE
7216-KAOID,0.027751581743359566,LOW,MONITOR
6680-WKXRZ,0.5524536967277527,MEDIUM,ENGAGE
2346-LOCWC,0.013219991698861122,LOW,MONITOR
0769-MURVM,0.0025572218000888824,LOW,MONITOR
3374-LXDEV,0.7215547561645508,HIGH,URGENT
5318-YKDPV,0.015617478638887405,LOW,MONITOR
8190-ZTQFB,0.2175268679857254,LOW,MONITOR
4512-ZUIYL,0.4596269726753235,MEDIUM,ENGAGE
3090-QFUVD,0.2548777163028717,LOW,MONITOR
4806-KEXQR,0.706393301486969,HIGH,URGENT
2369-FEVNO,0.5149064064025879,MEDIUM,ENGAGE
9637-CDTKZ,0.0037396689876914024,LOW,MONITOR
2954-PIBKO,0.013150347396731377,LOW,MONITOR
2212-LYASK,0.12179383635520935,LOW,MONITOR
9481-SFCQY,0.2261437028646469,LOW,MONITOR
2828-SLQPF,0.20948179066181183,LOW,MONITOR
4647-MUZON,0.46523192524909973,MEDIUM,ENGAGE
8212-DJRCH,0.5325891375541687,MEDIUM,ENGAGE
0516-OOHAR,0.14618495106697083,LOW,MONITOR
4973-RLZVI,0.056161507964134216,LOW,MONITOR
8089-UZWLX,0.2162405550479889,LOW,MONITOR
9732-KPKBW,0.33039143681526184,MEDIUM,ENGAGE
9715-WZCLW,0.03907614201307297,LOW,MONITOR
0257-KXZGU,0.10260456800460815,LOW,MONITOR
0707-HOVVN,0.09958936274051666,LOW,MONITOR
5501-TVMGM,0.682558000087738,HIGH,URGENT
3422-LYEPQ,0.8135793805122375,HIGH,URGENT
2277-VWCNI,0.4907463490962982,MEDIUM,ENGAGE
5461-QKNTN,0.3176220655441284,MEDIUM,ENGAGE
3967-KXAPS,0.001598386443220079,LOW,MONITOR
6919-ELBGL,0.023280076682567596,LOW,MONITOR
8361-LTMKD,0.7296079993247986,HIGH,URGENT
1131-ALZWV,0.02195020392537117,LOW,MONITOR
5178-LMXOP,0.9255762696266174,HIGH,URGENT
8992-CEUEN,0.10014999657869339,LOW,MONITOR
3320-VEOYC,0.7223583459854126,HIGH,URGENT
3672-YITQD,0.6536825895309448,HIGH,URGENT
6080-TCMYC,0.45253628492355347,MEDIUM,ENGAGE
6734-FQAJX,0.1473708301782608,LOW,MONITOR
1063-DHQJF,0.020050929859280586,LOW,MONITOR
3976-NLDEZ,0.3972699046134949,MEDIUM,ENGAGE
1729-VLAZJ,0.037858594208955765,LOW,MONITOR
3400-ESFUW,0.01910538598895073,LOW,MONITOR
5271-YNWVR,0.047970861196517944,LOW,MONITOR
1587-FKLZB,0.4531443417072296,MEDIUM,ENGAGE
0958-YHXGP,0.5032733082771301,MEDIUM,ENGAGE
1494-EJZDW,0.011271582916378975,LOW,MONITOR
1816-FLZDK,0.35393884778022766,MEDIUM,ENGAGE
2075-PUEPR,0.08458095043897629,LOW,MONITOR
1833-TCXKK,0.4640319347381592,MEDIUM,ENGAGE
1436-ZMJAN,0.2445671409368515,LOW,MONITOR
0106-UGRDO,0.08669602125883102,LOW,MONITOR
1069-XAIEM,0.9309099912643433,HIGH,URGENT
4213-HKBJO,0.019269736483693123,LOW,MONITOR
8345-MVDYC,0.011410380713641644,LOW,MONITOR
2672-OJQZP,0.44687381386756897,MEDIUM,ENGAGE
5136-RGMZO,0.18063007295131683,LOW,MONITOR
5774-QPLTF,0.009674446657299995,LOW,MONITOR
5240-CAOYT,0.08166316151618958,LOW,MONITOR
3707-GNWHM,0.8200510144233704,HIGH,URGENT
5159-YFPKQ,0.6835245490074158,HIGH,URGENT
5052-PNLOS,0.7859117984771729,HIGH,URGENT
6173-GOLSU,0.44190701842308044,MEDIUM,ENGAGE
6661-HBGWL,0.6033603549003601,HIGH,URGENT
8207-VVMYB,0.005957455839961767,LOW,MONITOR
5324-KTGCG,0.01430210005491972,LOW,MONITOR
7354-OIJLX,0.7099770903587341,HIGH,URGENT
9286-BHDQG,0.003294767113402486,LOW,MONITOR
3567-PQTSO,0.18646827340126038,LOW,MONITOR
3197-ARFOY,0.5862541198730469,MEDIUM,ENGAGE
5698-BQJOH,0.7065231800079346,HIGH,URGENT
1090-ESELR,0.0081596365198493,LOW,MONITOR
0056-EPFBG,0.016323773190379143,LOW,MONITOR
4955-VCWBI,0.017354020848870277,LOW,MONITOR
4717-GHADL,0.03396739810705185,LOW,MONITOR
0058-EVZWM,0.14365620911121368,LOW,MONITOR
7218-HKQFK,0.7110804319381714,HIGH,URGENT
5057-RKGLH,0.006115290801972151,LOW,MONITOR
2309-OSFEU,0.44047635793685913,MEDIUM,ENGAGE
3429-IFLEM,0.004649369046092033,LOW,MONITOR
1550-LOAHA,0.37539365887641907,MEDIUM,ENGAGE
1400-MMYXY,0.854938805103302,HIGH,URGENT
7503-QQRVF,0.47771480679512024,MEDIUM,ENGAGE
7504-UWHNB,0.33091485500335693,MEDIUM,ENGAGE
9565-JSNFM,0.10222352296113968,LOW,MONITOR
4735-BJKOU,0.00713025126606226,LOW,MONITOR
3580-GICBM,0.009683573618531227,LOW,MONITOR
7632-YUTXB,0.014584257267415524,LOW,MONITOR
9412-ARGBX,0.0241579320281744,LOW,MONITOR
9576-ANLXO,0.5286995768547058,MEDIUM,ENGAGE
1110-KYLGQ,0.15508009493350983,LOW,MONITOR
8696-JKZNU,0.5339034795761108,MEDIUM,ENGAGE
8757-TFHHJ,0.3988948166370392,MEDIUM,ENGAGE
2955-BJZHG,0.3793236017227173,MEDIUM,ENGAGE
9048-JVYVF,0.3324110805988312,MEDIUM,ENGAGE
0682-USIXD,0.361815869808197,MEDIUM,ENGAGE
3884-UEBXB,0.008130543865263462,LOW,MONITOR
1776-SPBWV,0.036909498274326324,LOW,MONITOR
9050-QLROH,0.38263213634490967,MEDIUM,ENGAGE
2925-VDZHY,0.0015663659432902932,LOW,MONITOR
9512-UIBFX,0.289279967546463,LOW,MONITOR
8676-TRMJS,0.5413037538528442,MEDIUM,ENGAGE
3334-CTHOL,0.5442938208580017,MEDIUM,ENGAGE
6331-LWDTQ,0.3508840799331665,MEDIUM,ENGAGE
3847-BAERP,0.13649819791316986,LOW,MONITOR
4709-LKHYG,0.02762356586754322,LOW,MONITOR
8621-MNIHH,0.5110069513320923,MEDIUM,ENGAGE
8884-ADFVN,0.8763473629951477,HIGH,URGENT
2885-HIJDH,0.044277630746364594,LOW,MONITOR
8570-KLJYJ,0.026936009526252747,LOW,MONITOR
9339-FIIJL,0.008132178336381912,LOW,MONITOR
6223-DHJGV,0.011141376569867134,LOW,MONITOR
0959-WHOKV,0.2829502820968628,LOW,MONITOR
9610-WCESF,0.06505497545003891,LOW,MONITOR
9279-CJEOJ,0.5290148258209229,MEDIUM,ENGAGE
2985-FMWYF,0.6755382418632507,HIGH,URGENT
3540-RZJYU,0.33007192611694336,MEDIUM,ENGAGE
2522-WLNSF,0.04778628051280975,LOW,MONITOR
6861-XWTWQ,0.9253414273262024,HIGH,URGENT
8735-NBLWT,0.04954550042748451,LOW,MONITOR
1744-JHKYS,0.050144702196121216,LOW,MONITOR
0841-NULXI,0.8045028448104858,HIGH,URGENT
4016-BJKTZ,0.2436230182647705,LOW,MONITOR
9298-WGMRW,0.015045943669974804,LOW,MONITOR
7893-IXHRQ,0.3679894506931305,MEDIUM,ENGAGE
8785-CJSHH,0.45260855555534363,MEDIUM,ENGAGE
7654-YWJUF,0.06782150268554688,LOW,MONITOR
8909-BOLNL,0.056790996342897415,LOW,MONITOR
9919-FZDED,0.004103556275367737,LOW,MONITOR
0322-CHQRU,0.5064266920089722,MEDIUM,ENGAGE
3587-PMCOY,0.6130165457725525,HIGH,URGENT
0655-RBDUG,0.9166057109832764,HIGH,URGENT
0983-TATYJ,0.0405263677239418,LOW,MONITOR
5650-YLIBA,0.5489034652709961,MEDIUM,ENGAGE
5144-TVGLP,0.5198179483413696,MEDIUM,ENGAGE
3569-EDBPQ,0.332099974155426,MEDIUM,ENGAGE
4945-RVMTE,0.12155550718307495,LOW,MONITOR
3511-BFTJW,0.004570331424474716,LOW,MONITOR
5537-UXXVS,0.061228521168231964,LOW,MONITOR
8782-NUUOL,0.04405771568417549,LOW,MONITOR
2865-TCHJW,0.8207101225852966,HIGH,URGENT
9931-KGHOA,0.12979117035865784,LOW,MONITOR
3071-MVJCD,0.002482140902429819,LOW,MONITOR
7279-BUYWN,0.686079740524292,HIGH,URGENT
3756-VNWDH,0.1595078855752945,LOW,MONITOR
1395-OFUWC,0.2917650043964386,LOW,MONITOR
4223-BKEOR,0.051717609167099,LOW,MONITOR
0040-HALCW,0.010551942512392998,LOW,MONITOR
7124-UGSUR,0.21363385021686554,LOW,MONITOR
7395-XWZOY,0.3473132848739624,MEDIUM,ENGAGE
5440-VHLUL,0.3990275263786316,MEDIUM,ENGAGE
4706-DGAHW,0.7078068256378174,HIGH,URGENT
8166-ORCHU,0.19096121191978455,LOW,MONITOR
3978-YNKDD,0.007366247475147247,LOW,MONITOR
7198-GLXTC,0.642132580280304,HIGH,URGENT
6366-XIVKZ,0.17637911438941956,LOW,MONITOR
5133-POWUA,0.5831454396247864,MEDIUM,ENGAGE
8400-WZICQ,0.15719179809093475,LOW,MONITOR
5382-SOYZL,0.6525062322616577,HIGH,URGENT
1989-PRJHP,0.39382538199424744,MEDIUM,ENGAGE
4154-AQUGT,0.5497258305549622,MEDIUM,ENGAGE
0980-FEXWF,0.024169551208615303,LOW,MONITOR
5845-BZZIB,0.009018796496093273,LOW,MONITOR
4840-ORQXB,0.4527161121368408,MEDIUM,ENGAGE
0295-PPHDO,0.9303827285766602,HIGH,URGENT
8775-ERLNB,0.8338655829429626,HIGH,URGENT
0376-YMCJC,0.43385934829711914,MEDIUM,ENGAGE
7410-YTJIK,0.4552229344844818,MEDIUM,ENGAGE
9927-DSWDF,0.5564714670181274,MEDIUM,ENGAGE
6681-ZSEXG,0.024509459733963013,LOW,MONITOR
5702-KVQRD,0.013422311283648014,LOW,MONITOR
8711-LOBKY,0.02421017363667488,LOW,MONITOR
9692-TUSXH,0.6264067888259888,HIGH,URGENT
4012-YCFAI,0.0056212302297353745,LOW,MONITOR
8455-HIRAQ,0.18391737341880798,LOW,MONITOR
7853-WNZSY,0.23466843366622925,LOW,MONITOR
0390-DCFDQ,0.8002615571022034,HIGH,URGENT
6421-SZVEM,0.10381300002336502,LOW,MONITOR
3094-JOJAI,0.20332348346710205,LOW,MONITOR
4873-ILOLJ,0.4997986853122711,MEDIUM,ENGAGE
8181-YHCMF,0.00931712705641985,LOW,MONITOR
3324-OIRTO,0.063960500061512,LOW,MONITOR
9135-HSWOC,0.011571203358471394,LOW,MONITOR
2272-WUSPA,0.008052650839090347,LOW,MONITOR
4627-MIHJH,0.2154739946126938,LOW,MONITOR
3896-RCYYE,0.06306780874729156,LOW,MONITOR
6729-GDNGC,0.2986064553260803,LOW,MONITOR
9945-PSVIP,0.005903043784201145,LOW,MONITOR
4137-JOPHL,0.025387262925505638,LOW,MONITOR
2720-FVBQP,0.3214605450630188,MEDIUM,ENGAGE
7854-EKTJL,0.15848605334758759,LOW,MONITOR
1133-KXCGE,0.0324464812874794,LOW,MONITOR
6048-QBXKL,0.6271485090255737,HIGH,URGENT
6338-AVWCY,0.6525847911834717,HIGH,URGENT
0013-MHZWF,0.24215243756771088,LOW,MONITOR
9804-ICWBG,0.8565287590026855,HIGH,URGENT
2368-GAKKQ,0.03242023289203644,LOW,MONITOR
4829-AUOAX,0.3841235339641571,MEDIUM,ENGAGE
7876-BEUTG,0.2775201201438904,LOW,MONITOR
6349-JDHQP,0.01402265951037407,LOW,MONITOR
3063-QFSZL,0.6969777345657349,HIGH,URGENT
9142-XMYJH,0.05865646153688431,LOW,MONITOR
2609-IAICY,0.9201025366783142,HIGH,URGENT
8626-PTQGE,0.007685406599193811,LOW,MONITOR
0230-UBYPQ,0.01579444669187069,LOW,MONITOR
6814-ZPWFQ,0.05585578829050064,LOW,MONITOR
5921-NGYRH,0.06761728972196579,LOW,MONITOR
7803-XOCCZ,0.1463036686182022,LOW,MONITOR
1459-QNFQT,0.01447279192507267,LOW,MONITOR
3948-FVVRP,0.16353760659694672,LOW,MONITOR
0923-PNFUB,0.5137946009635925,MEDIUM,ENGAGE
4654-ULTTN,0.10078626126050949,LOW,MONITOR
5628-FCGYG,0.6587589979171753,HIGH,URGENT
0506-LVNGN,0.528570294380188,MEDIUM,ENGAGE
4329-YPDDQ,0.38207778334617615,MEDIUM,ENGAGE
9866-OCCKE,0.003936009015887976,LOW,MONITOR
0794-YVSGE,0.0010911999270319939,LOW,MONITOR
4342-HENTK,0.6082894206047058,HIGH,URGENT
5934-TSSAU,0.2718058228492737,LOW,MONITOR
9986-BONCE,0.15835340321063995,LOW,MONITOR
5301-GAUUY,0.3807200789451599,MEDIUM,ENGAGE
0725-CXOTM,0.07069534063339233,LOW,MONITOR
2843-CQMEG,0.1288977414369583,LOW,MONITOR
5600-PDUJF,0.25696083903312683,LOW,MONITOR
4500-HKANN,0.01599280908703804,LOW,MONITOR
1862-QRWPE,0.009152672253549099,LOW,MONITOR
2155-AMQRX,0.15563219785690308,LOW,MONITOR
0823-HSCDJ,0.5118094682693481,MEDIUM,ENGAGE
4090-KPJIP,0.7385665774345398,HIGH,URGENT
2737-YNGYW,0.5893481969833374,MEDIUM,ENGAGE
5619-XZZKR,0.03423462063074112,LOW,MONITOR
6047-YHPVI,0.5694441199302673,MEDIUM,ENGAGE
8375-DKEBR,0.9125880599021912,HIGH,URGENT
7729-XBTWX,0.004643377382308245,LOW,MONITOR
4983-CLMLV,0.30612847208976746,MEDIUM,ENGAGE
9227-LUNBG,0.48090463876724243,MEDIUM,ENGAGE
2758-RNWXS,0.1599353700876236,LOW,MONITOR
7055-HNEOJ,0.2939406931400299,LOW,MONITOR
7134-MJPDY,0.22290442883968353,LOW,MONITOR
4560-WQAQW,0.03297217935323715,LOW,MONITOR
8532-UEFWH,0.018687555566430092,LOW,MONITOR
8541-QVFKM,0.7110596299171448,HIGH,URGENT
7129-ACFOG,0.4381055235862732,MEDIUM,ENGAGE
2495-INZWQ,0.6999750137329102,HIGH,URGENT
0263-FJTQO,0.018723532557487488,LOW,MONITOR
0181-RITDD,0.03948315232992172,LOW,MONITOR
8241-JUIQO,0.03232790529727936,LOW,MONITOR
0913-XWSCN,0.23937249183654785,LOW,MONITOR
2159-TURXX,0.07540696859359741,LOW,MONITOR
6461-PPAXN,0.04231445491313934,LOW,MONITOR
1452-KIOVK,0.39699557423591614,MEDIUM,ENGAGE
1139-WUOAH,0.026751868426799774,LOW,MONITOR
3207-OYBWH,0.23521330952644348,LOW,MONITOR
8347-GDTMP,0.009791787713766098,LOW,MONITOR
9909-DFRJA,0.14324820041656494,LOW,MONITOR
6383-ZTSIW,0.15362900495529175,LOW,MONITOR
5438-QMDDL,0.1948835849761963,LOW,MONITOR
8914-RBTSB,0.3659544885158539,MEDIUM,ENGAGE
6164-HXUGH,0.10482563823461533,LOW,MONITOR
6900-RBKER,0.05802711099386215,LOW,MONITOR
1492-QGCLU,0.19679903984069824,LOW,MONITOR
6664-FPDAC,0.14422044157981873,LOW,MONITOR
1088-AUUZZ,0.013703018426895142,LOW,MONITOR
6651-AZVTJ,0.6658313274383545,HIGH,URGENT
8219-VYBVI,0.012810940854251385,LOW,MONITOR
0310-MVLET,0.3948548436164856,MEDIUM,ENGAGE
7233-IOQNP,0.08646924793720245,LOW,MONITOR
7311-MQJCH,0.05979137122631073,LOW,MONITOR
9256-JTBNZ,0.08497630059719086,LOW,MONITOR
8713-IGZSO,0.17026904225349426,LOW,MONITOR
6821-BUXUX,0.734072208404541,HIGH,URGENT
9114-DPSIA,0.0015943828038871288,LOW,MONITOR
4501-UYKBC,0.22026586532592773,LOW,MONITOR
2798-NYLMZ,0.4162725508213043,MEDIUM,ENGAGE
6711-VTNRE,0.34119266271591187,MEDIUM,ENGAGE
5966-EMAZU,0.1632123589515686,LOW,MONITOR
3627-FHKBK,0.5928446054458618,MEDIUM,ENGAGE
7861-UVUFT,0.5466213226318359,MEDIUM,ENGAGE
9824-QCJPK,0.023677656427025795,LOW,MONITOR
7816-VGHTO,0.02615448832511902,LOW,MONITOR
3794-NFNCH,0.09133598953485489,LOW,MONITOR
3877-JRJIP,0.7458267211914062,HIGH,URGENT
5228-EXCET,0.4028480350971222,MEDIUM,ENGAGE
6248-BSHKG,0.013309220783412457,LOW,MONITOR
8915-NNTRC,0.006226424593478441,LOW,MONITOR
3470-OBUET,0.044195301830768585,LOW,MONITOR
3229-USWAR,0.09194820374250412,LOW,MONITOR
1927-QEWMY,0.0008068809402175248,LOW,MONITOR
6374-AFWOX,0.016977380961179733,LOW,MONITOR
7912-SYRQT,0.6645875573158264,HIGH,URGENT
2070-FNEXE,0.35590842366218567,MEDIUM,ENGAGE
5803-NQJZO,0.002817481057718396,LOW,MONITOR
5651-YLPRD,0.48905643820762634,MEDIUM,ENGAGE
1271-UODNO,0.04288133978843689,LOW,MONITOR
5014-WUQMG,0.12230221182107925,LOW,MONITOR
5889-JTMUL,0.4335319697856903,MEDIUM,ENGAGE
0788-DXBFY,0.09215939044952393,LOW,MONITOR
2669-QVCRG,0.28642433881759644,LOW,MONITOR
6630-UJZMY,0.8327186703681946,HIGH,URGENT
5061-PBXFW,0.08208366483449936,LOW,MONITOR
2700-LUEVA,0.23517806828022003,LOW,MONITOR
3865-ZFZIB,0.009137783199548721,LOW,MONITOR
0471-ARVMX,0.2521998882293701,LOW,MONITOR
8985-OOPOS,0.1652534008026123,LOW,MONITOR
0719-SYFRB,0.1739187240600586,LOW,MONITOR
0447-BEMNG,0.14720258116722107,LOW,MONITOR
5630-AHZIL,0.2316472828388214,LOW,MONITOR
2190-BCXEC,0.2699069082736969,LOW,MONITOR
1559-DTODC,0.2984519600868225,LOW,MONITOR
3244-DCJWY,0.7947089076042175,HIGH,URGENT
3967-VQOGC,0.0032521928660571575,LOW,MONITOR
0265-PSUAE,0.4071100354194641,MEDIUM,ENGAGE
1622-HSHSF,0.4819045960903168,MEDIUM,ENGAGE
9867-XOBQA,0.015768783167004585,LOW,MONITOR
6773-LQTVT,0.25100940465927124,LOW,MONITOR
4332-MUOEZ,0.18439824879169464,LOW,MONITOR
0023-XUOPT,0.5744382739067078,MEDIUM,ENGAGE
6543-CPZMK,0.4396459758281708,MEDIUM,ENGAGE
6418-HNFED,0.01447785273194313,LOW,MONITOR
1036-GUDCL,0.056728657335042953,LOW,MONITOR
4818-QIUFN,0.4759087860584259,MEDIUM,ENGAGE
0778-NELLA,0.44208449125289917,MEDIUM,ENGAGE
7495-OOKFY,0.7150286436080933,HIGH,URGENT
4737-HOBAX,0.03522460162639618,LOW,MONITOR
7919-ZODZZ,0.22786037623882294,LOW,MONITOR
2988-PLAHS,0.21331684291362762,LOW,MONITOR
9067-SQTNS,0.014001263305544853,LOW,MONITOR
6483-OATDN,0.2124892920255661,LOW,MONITOR
5469-CTCWN,0.10509660840034485,LOW,MONITOR
3524-WQDSG,0.6050240397453308,HIGH,URGENT
6968-URWQU,0.1523832380771637,LOW,MONITOR
8601-QACRS,0.4658370316028595,MEDIUM,ENGAGE
8690-UPCZI,0.029568452388048172,LOW,MONITOR
5331-RGMTT,0.5860898494720459,MEDIUM,ENGAGE
1357-BIJKI,0.34921494126319885,MEDIUM,ENGAGE
2088-IEBAU,0.04195144772529602,LOW,MONITOR
0679-IDSTG,0.9203845858573914,HIGH,URGENT
6519-ZHPXP,0.012520265765488148,LOW,MONITOR
2101-RANCD,0.33157455921173096,MEDIUM,ENGAGE
4029-HPFVY,0.5313869118690491,MEDIUM,ENGAGE
1015-OWJKI,0.09518799930810928,LOW,MONITOR
8314-HTWVE,0.009005134925246239,LOW,MONITOR
5357-TZHPP,0.8007916212081909,HIGH,URGENT
8727-XDPUD,0.03052818588912487,LOW,MONITOR
9073-ZZIAY,0.021299630403518677,LOW,MONITOR
5181-OABFK,0.021723290905356407,LOW,MONITOR
3812-LRZIR,0.019153447821736336,LOW,MONITOR
5204-HMGYF,0.04475942999124527,LOW,MONITOR
9950-MTGYX,0.004202618729323149,LOW,MONITOR
3675-EQOZA,0.07782015204429626,LOW,MONITOR
3646-ITDGM,0.04669574275612831,LOW,MONITOR
3913-FCUUW,0.003135420149192214,LOW,MONITOR
